timestamp,service,uptime_percentage,response_time_ms
2025-07-04 21:12:08,web-server,99.90,15
2025-07-04 21:12:08,api-gateway,100.00,28
2025-07-04 21:12:08,database,99.84,43
2025-07-04 21:12:08,cache-server,96.90,30
2025-07-04 21:12:08,load-balancer,99.35,31
2025-07-05 01:12:08,web-server,100.00,32
2025-07-05 01:12:08,api-gateway,100.00,51
2025-07-05 01:12:08,database,100.00,56
2025-07-05 01:12:08,cache-server,95.95,29
2025-07-05 01:12:08,load-balancer,99.64,16
2025-07-05 05:12:08,web-server,99.78,22
2025-07-05 05:12:08,api-gateway,99.79,35
2025-07-05 05:12:08,database,98.95,48
2025-07-05 05:12:08,cache-server,100.00,34
2025-07-05 05:12:08,load-balancer,99.96,13
2025-07-05 09:12:08,web-server,99.56,15
2025-07-05 09:12:08,api-gateway,100.00,15
2025-07-05 09:12:08,database,99.48,55
2025-07-05 09:12:08,cache-server,99.99,31
2025-07-05 09:12:08,load-balancer,99.81,35
2025-07-05 13:12:08,web-server,100.00,26
2025-07-05 13:12:08,api-gateway,100.00,20
2025-07-05 13:12:08,database,98.95,47
2025-07-05 13:12:08,cache-server,95.82,32
2025-07-05 13:12:08,load-balancer,99.98,10
2025-07-05 17:12:08,web-server,99.49,10
2025-07-05 17:12:08,api-gateway,99.82,29
2025-07-05 17:12:08,database,100.00,46
2025-07-05 17:12:08,cache-server,97.88,29
2025-07-05 17:12:08,load-balancer,99.99,13
2025-07-05 21:12:08,web-server,100.00,32
2025-07-05 21:12:08,api-gateway,99.90,32
2025-07-05 21:12:08,database,99.33,33
2025-07-05 21:12:08,cache-server,96.54,27
2025-07-05 21:12:08,load-balancer,99.59,26
2025-07-06 01:12:08,web-server,99.85,24
2025-07-06 01:12:08,api-gateway,100.00,18
2025-07-06 01:12:08,database,99.37,46
2025-07-06 01:12:08,cache-server,98.28,11
2025-07-06 01:12:08,load-balancer,99.73,39
2025-07-06 05:12:08,web-server,99.48,30
2025-07-06 05:12:08,api-gateway,100.00,31
2025-07-06 05:12:08,database,99.98,56
2025-07-06 05:12:08,cache-server,100.00,35
2025-07-06 05:12:08,load-balancer,99.91,14
2025-07-06 09:12:08,web-server,100.00,10
2025-07-06 09:12:08,api-gateway,99.46,10
2025-07-06 09:12:08,database,99.11,52
2025-07-06 09:12:08,cache-server,98.66,35
2025-07-06 09:12:08,load-balancer,99.92,10
2025-07-06 13:12:08,web-server,99.97,46
2025-07-06 13:12:08,api-gateway,99.97,29
2025-07-06 13:12:08,database,99.34,60
2025-07-06 13:12:08,cache-server,97.21,33
2025-07-06 13:12:08,load-balancer,100.00,35
2025-07-06 17:12:08,web-server,99.56,27
2025-07-06 17:12:08,api-gateway,100.00,16
2025-07-06 17:12:08,database,99.94,49
2025-07-06 17:12:08,cache-server,99.05,10
2025-07-06 17:12:08,load-balancer,100.00,10
2025-07-06 21:12:08,web-server,99.86,27
2025-07-06 21:12:08,api-gateway,99.64,38
2025-07-06 21:12:08,database,99.26,46
2025-07-06 21:12:08,cache-server,95.36,25
2025-07-06 21:12:08,load-balancer,100.00,10
2025-07-07 01:12:08,web-server,100.00,24
2025-07-07 01:12:08,api-gateway,100.00,29
2025-07-07 01:12:08,database,100.00,43
2025-07-07 01:12:08,cache-server,97.75,28
2025-07-07 01:12:08,load-balancer,99.89,14
2025-07-07 05:12:08,web-server,100.00,29
2025-07-07 05:12:08,api-gateway,100.00,18
2025-07-07 05:12:08,database,99.39,49
2025-07-07 05:12:08,cache-server,100.00,10
2025-07-07 05:12:08,load-balancer,99.92,32
2025-07-07 09:12:08,web-server,100.00,35
2025-07-07 09:12:08,api-gateway,99.45,30
2025-07-07 09:12:08,database,99.33,49
2025-07-07 09:12:08,cache-server,96.78,10
2025-07-07 09:12:08,load-balancer,100.00,18
2025-07-07 13:12:08,web-server,100.00,19
2025-07-07 13:12:08,api-gateway,100.00,37
2025-07-07 13:12:08,database,99.33,47
2025-07-07 13:12:08,cache-server,98.51,26
2025-07-07 13:12:08,load-balancer,100.00,10
2025-07-07 17:12:08,web-server,99.84,18
2025-07-07 17:12:08,api-gateway,100.00,16
2025-07-07 17:12:08,database,99.33,38
2025-07-07 17:12:08,cache-server,97.99,23
2025-07-07 17:12:08,load-balancer,99.68,27
2025-07-07 21:12:08,web-server,100.00,27
2025-07-07 21:12:08,api-gateway,100.00,24
2025-07-07 21:12:08,database,99.62,41
2025-07-07 21:12:08,cache-server,98.37,16
2025-07-07 21:12:08,load-balancer,99.83,20
2025-07-08 01:12:08,web-server,99.37,30
2025-07-08 01:12:08,api-gateway,100.00,35
2025-07-08 01:12:08,database,98.83,54
2025-07-08 01:12:08,cache-server,96.80,35
2025-07-08 01:12:08,load-balancer,99.63,26
2025-07-08 05:12:08,web-server,99.23,23
2025-07-08 05:12:08,api-gateway,100.00,14
2025-07-08 05:12:08,database,99.70,53
2025-07-08 05:12:08,cache-server,96.92,38
2025-07-08 05:12:08,load-balancer,99.92,16
2025-07-08 09:12:08,web-server,99.86,16
2025-07-08 09:12:08,api-gateway,100.00,10
2025-07-08 09:12:08,database,99.07,68
2025-07-08 09:12:08,cache-server,96.47,21
2025-07-08 09:12:08,load-balancer,100.00,32
2025-07-08 13:12:08,web-server,99.67,32
2025-07-08 13:12:08,api-gateway,99.12,22
2025-07-08 13:12:08,database,99.77,42
2025-07-08 13:12:08,cache-server,100.00,29
2025-07-08 13:12:08,load-balancer,99.81,10
2025-07-08 17:12:08,web-server,100.00,10
2025-07-08 17:12:08,api-gateway,99.97,20
2025-07-08 17:12:08,database,99.05,54
2025-07-08 17:12:08,cache-server,99.56,39
2025-07-08 17:12:08,load-balancer,99.97,16
2025-07-08 21:12:08,web-server,100.00,29
2025-07-08 21:12:08,api-gateway,99.37,43
2025-07-08 21:12:08,database,99.88,63
2025-07-08 21:12:08,cache-server,97.96,19
2025-07-08 21:12:08,load-balancer,100.00,21
2025-07-09 01:12:08,web-server,99.89,31
2025-07-09 01:12:08,api-gateway,100.00,33
2025-07-09 01:12:08,database,99.97,55
2025-07-09 01:12:08,cache-server,97.79,10
2025-07-09 01:12:08,load-balancer,100.00,25
2025-07-09 05:12:08,web-server,100.00,18
2025-07-09 05:12:08,api-gateway,100.00,27
2025-07-09 05:12:08,database,100.00,47
2025-07-09 05:12:08,cache-server,99.53,29
2025-07-09 05:12:08,load-balancer,100.00,23
2025-07-09 09:12:08,web-server,100.00,19
2025-07-09 09:12:08,api-gateway,100.00,11
2025-07-09 09:12:08,database,99.12,47
2025-07-09 09:12:08,cache-server,94.44,36
2025-07-09 09:12:08,load-balancer,99.81,26
2025-07-09 13:12:08,web-server,100.00,28
2025-07-09 13:12:08,api-gateway,99.96,29
2025-07-09 13:12:08,database,100.00,49
2025-07-09 13:12:08,cache-server,100.00,28
2025-07-09 13:12:08,load-balancer,99.85,10
2025-07-09 17:12:08,web-server,100.00,11
2025-07-09 17:12:08,api-gateway,99.93,24
2025-07-09 17:12:08,database,98.99,46
2025-07-09 17:12:08,cache-server,95.96,11
2025-07-09 17:12:08,load-balancer,100.00,27
2025-07-09 21:12:08,web-server,99.72,23
2025-07-09 21:12:08,api-gateway,99.91,14
2025-07-09 21:12:08,database,98.29,58
2025-07-09 21:12:08,cache-server,99.01,10
2025-07-09 21:12:08,load-balancer,99.47,14
2025-07-10 01:12:08,web-server,100.00,37
2025-07-10 01:12:08,api-gateway,99.71,26
2025-07-10 01:12:08,database,99.44,48
2025-07-10 01:12:08,cache-server,97.72,25
2025-07-10 01:12:08,load-balancer,99.73,42
2025-07-10 05:12:08,web-server,100.00,36
2025-07-10 05:12:08,api-gateway,99.83,17
2025-07-10 05:12:08,database,99.61,42
2025-07-10 05:12:08,cache-server,96.30,39
2025-07-10 05:12:08,load-balancer,99.85,23
2025-07-10 09:12:08,web-server,99.68,19
2025-07-10 09:12:08,api-gateway,100.00,20
2025-07-10 09:12:08,database,99.64,49
2025-07-10 09:12:08,cache-server,99.28,10
2025-07-10 09:12:08,load-balancer,99.44,10
2025-07-10 13:12:08,web-server,100.00,26
2025-07-10 13:12:08,api-gateway,99.97,26
2025-07-10 13:12:08,database,99.52,61
2025-07-10 13:12:08,cache-server,96.47,23
2025-07-10 13:12:08,load-balancer,99.96,11
2025-07-10 17:12:08,web-server,99.92,25
2025-07-10 17:12:08,api-gateway,100.00,22
2025-07-10 17:12:08,database,99.46,49
2025-07-10 17:12:08,cache-server,99.59,21
2025-07-10 17:12:08,load-balancer,99.70,22
2025-07-10 21:12:08,web-server,100.00,40
2025-07-10 21:12:08,api-gateway,100.00,16
2025-07-10 21:12:08,database,98.99,36
2025-07-10 21:12:08,cache-server,98.36,10
2025-07-10 21:12:08,load-balancer,100.00,36
2025-07-11 01:12:08,web-server,100.00,23
2025-07-11 01:12:08,api-gateway,100.00,26
2025-07-11 01:12:08,database,99.32,54
2025-07-11 01:12:08,cache-server,100.00,31
2025-07-11 01:12:08,load-balancer,99.57,43
2025-07-11 05:12:08,web-server,99.62,11
2025-07-11 05:12:08,api-gateway,100.00,47
2025-07-11 05:12:08,database,99.51,67
2025-07-11 05:12:08,cache-server,96.10,21
2025-07-11 05:12:08,load-balancer,99.64,15
2025-07-11 09:12:08,web-server,100.00,31
2025-07-11 09:12:08,api-gateway,99.51,41
2025-07-11 09:12:08,database,98.83,54
2025-07-11 09:12:08,cache-server,97.85,10
2025-07-11 09:12:08,load-balancer,100.00,40
2025-07-11 13:12:08,web-server,99.28,21
2025-07-11 13:12:08,api-gateway,100.00,34
2025-07-11 13:12:08,database,99.42,45
2025-07-11 13:12:08,cache-server,98.06,16
2025-07-11 13:12:08,load-balancer,99.99,21
2025-07-11 17:12:08,web-server,99.72,37
2025-07-11 17:12:08,api-gateway,99.75,36
2025-07-11 17:12:08,database,99.01,61
2025-07-11 17:12:08,cache-server,97.92,33
2025-07-11 17:12:08,load-balancer,98.90,24
2025-07-11 21:12:08,web-server,99.80,14
2025-07-11 21:12:08,api-gateway,99.53,25
2025-07-11 21:12:08,database,98.80,70
2025-07-11 21:12:08,cache-server,98.17,36
2025-07-11 21:12:08,load-balancer,99.42,20
2025-07-12 01:12:08,web-server,100.00,20
2025-07-12 01:12:08,api-gateway,99.66,22
2025-07-12 01:12:08,database,99.49,58
2025-07-12 01:12:08,cache-server,99.26,23
2025-07-12 01:12:08,load-balancer,99.66,29
2025-07-12 05:12:08,web-server,99.83,17
2025-07-12 05:12:08,api-gateway,99.67,22
2025-07-12 05:12:08,database,100.00,60
2025-07-12 05:12:08,cache-server,100.00,18
2025-07-12 05:12:08,load-balancer,99.47,34
2025-07-12 09:12:08,web-server,100.00,30
2025-07-12 09:12:08,api-gateway,99.84,45
2025-07-12 09:12:08,database,100.00,52
2025-07-12 09:12:08,cache-server,99.97,22
2025-07-12 09:12:08,load-balancer,99.62,34
2025-07-12 13:12:08,web-server,99.32,16
2025-07-12 13:12:08,api-gateway,99.92,32
2025-07-12 13:12:08,database,100.00,58
2025-07-12 13:12:08,cache-server,100.00,30
2025-07-12 13:12:08,load-balancer,99.80,27
2025-07-12 17:12:08,web-server,99.95,37
2025-07-12 17:12:08,api-gateway,99.70,30
2025-07-12 17:12:08,database,98.81,61
2025-07-12 17:12:08,cache-server,98.28,26
2025-07-12 17:12:08,load-balancer,99.86,20
2025-07-12 21:12:08,web-server,99.47,40
2025-07-12 21:12:08,api-gateway,100.00,29
2025-07-12 21:12:08,database,99.30,37
2025-07-12 21:12:08,cache-server,97.06,36
2025-07-12 21:12:08,load-balancer,99.82,30
2025-07-13 01:12:08,web-server,100.00,24
2025-07-13 01:12:08,api-gateway,99.90,29
2025-07-13 01:12:08,database,100.00,44
2025-07-13 01:12:08,cache-server,98.78,15
2025-07-13 01:12:08,load-balancer,99.71,14
2025-07-13 05:12:08,web-server,99.96,26
2025-07-13 05:12:08,api-gateway,100.00,34
2025-07-13 05:12:08,database,99.65,63
2025-07-13 05:12:08,cache-server,100.00,30
2025-07-13 05:12:08,load-balancer,100.00,23
2025-07-13 09:12:08,web-server,99.87,25
2025-07-13 09:12:08,api-gateway,99.71,28
2025-07-13 09:12:08,database,99.98,43
2025-07-13 09:12:08,cache-server,97.43,36
2025-07-13 09:12:08,load-balancer,99.77,20
2025-07-13 13:12:08,web-server,99.90,30
2025-07-13 13:12:08,api-gateway,99.57,34
2025-07-13 13:12:08,database,98.93,54
2025-07-13 13:12:08,cache-server,97.59,33
2025-07-13 13:12:08,load-balancer,99.87,29
2025-07-13 17:12:08,web-server,99.84,26
2025-07-13 17:12:08,api-gateway,99.61,22
2025-07-13 17:12:08,database,99.89,48
2025-07-13 17:12:08,cache-server,96.79,27
2025-07-13 17:12:08,load-balancer,99.36,10
2025-07-13 21:12:08,web-server,100.00,34
2025-07-13 21:12:08,api-gateway,99.83,40
2025-07-13 21:12:08,database,99.77,41
2025-07-13 21:12:08,cache-server,96.09,38
2025-07-13 21:12:08,load-balancer,99.62,41
2025-07-14 01:12:08,web-server,100.00,24
2025-07-14 01:12:08,api-gateway,99.94,22
2025-07-14 01:12:08,database,98.72,50
2025-07-14 01:12:08,cache-server,98.89,25
2025-07-14 01:12:08,load-balancer,99.80,20
2025-07-14 05:12:08,web-server,99.77,22
2025-07-14 05:12:08,api-gateway,99.46,13
2025-07-14 05:12:08,database,99.45,52
2025-07-14 05:12:08,cache-server,99.74,18
2025-07-14 05:12:08,load-balancer,100.00,41
2025-07-14 09:12:08,web-server,99.98,21
2025-07-14 09:12:08,api-gateway,100.00,39
2025-07-14 09:12:08,database,98.84,59
2025-07-14 09:12:08,cache-server,98.54,19
2025-07-14 09:12:08,load-balancer,99.92,12
2025-07-14 13:12:08,web-server,99.76,21
2025-07-14 13:12:08,api-gateway,99.68,34
2025-07-14 13:12:08,database,100.00,51
2025-07-14 13:12:08,cache-server,97.88,26
2025-07-14 13:12:08,load-balancer,100.00,38
2025-07-14 17:12:08,web-server,99.96,35
2025-07-14 17:12:08,api-gateway,100.00,18
2025-07-14 17:12:08,database,99.14,70
2025-07-14 17:12:08,cache-server,97.93,13
2025-07-14 17:12:08,load-balancer,99.51,33
2025-07-14 21:12:08,web-server,99.69,31
2025-07-14 21:12:08,api-gateway,99.85,29
2025-07-14 21:12:08,database,98.87,38
2025-07-14 21:12:08,cache-server,97.95,24
2025-07-14 21:12:08,load-balancer,99.61,21
2025-07-15 01:12:08,web-server,99.92,48
2025-07-15 01:12:08,api-gateway,100.00,35
2025-07-15 01:12:08,database,99.73,36
2025-07-15 01:12:08,cache-server,96.18,27
2025-07-15 01:12:08,load-balancer,100.00,18
2025-07-15 05:12:08,web-server,99.88,10
2025-07-15 05:12:08,api-gateway,100.00,29
2025-07-15 05:12:08,database,100.00,62
2025-07-15 05:12:08,cache-server,97.53,54
2025-07-15 05:12:08,load-balancer,99.66,29
2025-07-15 09:12:08,web-server,99.70,28
2025-07-15 09:12:08,api-gateway,99.36,17
2025-07-15 09:12:08,database,99.27,46
2025-07-15 09:12:08,cache-server,97.72,27
2025-07-15 09:12:08,load-balancer,99.88,18
2025-07-15 13:12:08,web-server,100.00,17
2025-07-15 13:12:08,api-gateway,99.70,18
2025-07-15 13:12:08,database,98.54,43
2025-07-15 13:12:08,cache-server,98.86,15
2025-07-15 13:12:08,load-balancer,99.97,19
2025-07-15 17:12:08,web-server,99.86,37
2025-07-15 17:12:08,api-gateway,99.93,48
2025-07-15 17:12:08,database,100.00,59
2025-07-15 17:12:08,cache-server,98.39,13
2025-07-15 17:12:08,load-balancer,99.68,22
2025-07-15 21:12:08,web-server,100.00,30
2025-07-15 21:12:08,api-gateway,100.00,23
2025-07-15 21:12:08,database,99.13,47
2025-07-15 21:12:08,cache-server,99.01,38
2025-07-15 21:12:08,load-balancer,100.00,33
2025-07-16 01:12:08,web-server,99.99,48
2025-07-16 01:12:08,api-gateway,99.75,29
2025-07-16 01:12:08,database,98.99,61
2025-07-16 01:12:08,cache-server,99.59,40
2025-07-16 01:12:08,load-balancer,100.00,25
2025-07-16 05:12:08,web-server,99.83,35
2025-07-16 05:12:08,api-gateway,100.00,27
2025-07-16 05:12:08,database,99.04,40
2025-07-16 05:12:08,cache-server,100.00,23
2025-07-16 05:12:08,load-balancer,100.00,16
2025-07-16 09:12:08,web-server,99.88,19
2025-07-16 09:12:08,api-gateway,100.00,34
2025-07-16 09:12:08,database,99.87,34
2025-07-16 09:12:08,cache-server,96.82,45
2025-07-16 09:12:08,load-balancer,100.00,43
2025-07-16 13:12:08,web-server,100.00,19
2025-07-16 13:12:08,api-gateway,99.94,15
2025-07-16 13:12:08,database,97.89,46
2025-07-16 13:12:08,cache-server,95.92,33
2025-07-16 13:12:08,load-balancer,99.75,34
2025-07-16 17:12:08,web-server,100.00,10
2025-07-16 17:12:08,api-gateway,99.94,34
2025-07-16 17:12:08,database,99.03,36
2025-07-16 17:12:08,cache-server,100.00,38
2025-07-16 17:12:08,load-balancer,99.29,11
2025-07-16 21:12:08,web-server,100.00,10
2025-07-16 21:12:08,api-gateway,99.82,30
2025-07-16 21:12:08,database,99.12,54
2025-07-16 21:12:08,cache-server,98.71,23
2025-07-16 21:12:08,load-balancer,100.00,44
2025-07-17 01:12:08,web-server,99.46,30
2025-07-17 01:12:08,api-gateway,99.95,15
2025-07-17 01:12:08,database,98.89,54
2025-07-17 01:12:08,cache-server,96.26,36
2025-07-17 01:12:08,load-balancer,99.72,19
2025-07-17 05:12:08,web-server,100.00,21
2025-07-17 05:12:08,api-gateway,99.08,37
2025-07-17 05:12:08,database,99.83,37
2025-07-17 05:12:08,cache-server,99.67,39
2025-07-17 05:12:08,load-balancer,100.00,16
2025-07-17 09:12:08,web-server,99.91,29
2025-07-17 09:12:08,api-gateway,100.00,37
2025-07-17 09:12:08,database,99.86,44
2025-07-17 09:12:08,cache-server,96.26,11
2025-07-17 09:12:08,load-balancer,99.41,20
2025-07-17 13:12:08,web-server,100.00,41
2025-07-17 13:12:08,api-gateway,100.00,13
2025-07-17 13:12:08,database,99.60,43
2025-07-17 13:12:08,cache-server,100.00,29
2025-07-17 13:12:08,load-balancer,100.00,26
2025-07-17 17:12:08,web-server,99.59,26
2025-07-17 17:12:08,api-gateway,99.67,36
2025-07-17 17:12:08,database,99.92,64
2025-07-17 17:12:08,cache-server,97.24,29
2025-07-17 17:12:08,load-balancer,99.73,36
2025-07-17 21:12:08,web-server,99.96,10
2025-07-17 21:12:08,api-gateway,99.66,33
2025-07-17 21:12:08,database,99.96,36
2025-07-17 21:12:08,cache-server,99.11,15
2025-07-17 21:12:08,load-balancer,99.77,24
2025-07-18 01:12:08,web-server,99.68,18
2025-07-18 01:12:08,api-gateway,100.00,33
2025-07-18 01:12:08,database,99.35,26
2025-07-18 01:12:08,cache-server,97.67,29
2025-07-18 01:12:08,load-balancer,99.98,15
2025-07-18 05:12:08,web-server,99.77,27
2025-07-18 05:12:08,api-gateway,99.16,10
2025-07-18 05:12:08,database,100.00,57
2025-07-18 05:12:08,cache-server,99.71,14
2025-07-18 05:12:08,load-balancer,99.49,10
2025-07-18 09:12:08,web-server,99.50,23
2025-07-18 09:12:08,api-gateway,100.00,39
2025-07-18 09:12:08,database,99.83,55
2025-07-18 09:12:08,cache-server,100.00,14
2025-07-18 09:12:08,load-balancer,99.99,38
2025-07-18 13:12:08,web-server,99.81,15
2025-07-18 13:12:08,api-gateway,100.00,25
2025-07-18 13:12:08,database,100.00,45
2025-07-18 13:12:08,cache-server,100.00,24
2025-07-18 13:12:08,load-balancer,99.96,25
2025-07-18 17:12:08,web-server,99.90,43
2025-07-18 17:12:08,api-gateway,99.53,26
2025-07-18 17:12:08,database,99.88,53
2025-07-18 17:12:08,cache-server,96.93,14
2025-07-18 17:12:08,load-balancer,99.27,22
2025-07-18 21:12:08,web-server,99.93,29
2025-07-18 21:12:08,api-gateway,99.47,18
2025-07-18 21:12:08,database,99.94,32
2025-07-18 21:12:08,cache-server,97.17,42
2025-07-18 21:12:08,load-balancer,100.00,35
2025-07-19 01:12:08,web-server,100.00,35
2025-07-19 01:12:08,api-gateway,99.14,25
2025-07-19 01:12:08,database,99.78,34
2025-07-19 01:12:08,cache-server,98.27,22
2025-07-19 01:12:08,load-balancer,99.37,43
2025-07-19 05:12:08,web-server,99.95,39
2025-07-19 05:12:08,api-gateway,99.86,23
2025-07-19 05:12:08,database,99.35,59
2025-07-19 05:12:08,cache-server,98.28,37
2025-07-19 05:12:08,load-balancer,99.71,13
2025-07-19 09:12:08,web-server,99.59,38
2025-07-19 09:12:08,api-gateway,99.59,34
2025-07-19 09:12:08,database,100.00,44
2025-07-19 09:12:08,cache-server,96.10,28
2025-07-19 09:12:08,load-balancer,99.88,15
2025-07-19 13:12:08,web-server,99.51,40
2025-07-19 13:12:08,api-gateway,100.00,22
2025-07-19 13:12:08,database,99.38,47
2025-07-19 13:12:08,cache-server,98.25,28
2025-07-19 13:12:08,load-balancer,99.55,14
2025-07-19 17:12:08,web-server,99.55,21
2025-07-19 17:12:08,api-gateway,99.53,22
2025-07-19 17:12:08,database,99.66,41
2025-07-19 17:12:08,cache-server,97.53,41
2025-07-19 17:12:08,load-balancer,100.00,36
2025-07-19 21:12:08,web-server,99.07,36
2025-07-19 21:12:08,api-gateway,99.74,10
2025-07-19 21:12:08,database,99.34,48
2025-07-19 21:12:08,cache-server,97.62,40
2025-07-19 21:12:08,load-balancer,100.00,18
2025-07-20 01:12:08,web-server,100.00,19
2025-07-20 01:12:08,api-gateway,100.00,27
2025-07-20 01:12:08,database,99.69,37
2025-07-20 01:12:08,cache-server,97.29,27
2025-07-20 01:12:08,load-balancer,99.94,38
2025-07-20 05:12:08,web-server,100.00,16
2025-07-20 05:12:08,api-gateway,99.79,20
2025-07-20 05:12:08,database,99.60,49
2025-07-20 05:12:08,cache-server,100.00,10
2025-07-20 05:12:08,load-balancer,99.22,58
2025-07-20 09:12:08,web-server,99.94,31
2025-07-20 09:12:08,api-gateway,100.00,35
2025-07-20 09:12:08,database,98.56,31
2025-07-20 09:12:08,cache-server,98.76,55
2025-07-20 09:12:08,load-balancer,99.58,37
2025-07-20 13:12:08,web-server,99.60,10
2025-07-20 13:12:08,api-gateway,99.41,12
2025-07-20 13:12:08,database,99.10,68
2025-07-20 13:12:08,cache-server,97.80,26
2025-07-20 13:12:08,load-balancer,99.79,17
2025-07-20 17:12:08,web-server,99.38,33
2025-07-20 17:12:08,api-gateway,99.64,37
2025-07-20 17:12:08,database,99.14,50
2025-07-20 17:12:08,cache-server,99.40,36
2025-07-20 17:12:08,load-balancer,99.93,34
2025-07-20 21:12:08,web-server,99.82,19
2025-07-20 21:12:08,api-gateway,99.61,22
2025-07-20 21:12:08,database,99.24,62
2025-07-20 21:12:08,cache-server,99.70,19
2025-07-20 21:12:08,load-balancer,99.49,10
2025-07-21 01:12:08,web-server,99.83,43
2025-07-21 01:12:08,api-gateway,99.74,27
2025-07-21 01:12:08,database,99.31,48
2025-07-21 01:12:08,cache-server,96.48,33
2025-07-21 01:12:08,load-balancer,99.79,23
2025-07-21 05:12:08,web-server,100.00,22
2025-07-21 05:12:08,api-gateway,99.92,41
2025-07-21 05:12:08,database,99.01,58
2025-07-21 05:12:08,cache-server,96.67,19
2025-07-21 05:12:08,load-balancer,99.47,24
2025-07-21 09:12:08,web-server,100.00,51
2025-07-21 09:12:08,api-gateway,99.80,32
2025-07-21 09:12:08,database,99.15,58
2025-07-21 09:12:08,cache-server,96.04,21
2025-07-21 09:12:08,load-balancer,99.78,20
2025-07-21 13:12:08,web-server,99.75,24
2025-07-21 13:12:08,api-gateway,100.00,35
2025-07-21 13:12:08,database,99.33,44
2025-07-21 13:12:08,cache-server,97.85,21
2025-07-21 13:12:08,load-balancer,99.85,22
2025-07-21 17:12:08,web-server,99.62,10
2025-07-21 17:12:08,api-gateway,99.61,37
2025-07-21 17:12:08,database,99.84,62
2025-07-21 17:12:08,cache-server,98.97,22
2025-07-21 17:12:08,load-balancer,99.80,21
2025-07-21 21:12:08,web-server,100.00,16
2025-07-21 21:12:08,api-gateway,100.00,26
2025-07-21 21:12:08,database,99.68,61
2025-07-21 21:12:08,cache-server,98.19,28
2025-07-21 21:12:08,load-balancer,100.00,21
2025-07-22 01:12:08,web-server,100.00,36
2025-07-22 01:12:08,api-gateway,100.00,27
2025-07-22 01:12:08,database,99.44,48
2025-07-22 01:12:08,cache-server,100.00,10
2025-07-22 01:12:08,load-balancer,99.95,11
2025-07-22 05:12:08,web-server,99.95,21
2025-07-22 05:12:08,api-gateway,99.41,30
2025-07-22 05:12:08,database,99.53,75
2025-07-22 05:12:08,cache-server,93.79,11
2025-07-22 05:12:08,load-balancer,99.91,10
2025-07-22 09:12:08,web-server,100.00,18
2025-07-22 09:12:08,api-gateway,100.00,24
2025-07-22 09:12:08,database,100.00,49
2025-07-22 09:12:08,cache-server,98.53,42
2025-07-22 09:12:08,load-balancer,99.95,21
2025-07-22 13:12:08,web-server,99.82,29
2025-07-22 13:12:08,api-gateway,100.00,10
2025-07-22 13:12:08,database,98.70,41
2025-07-22 13:12:08,cache-server,97.68,30
2025-07-22 13:12:08,load-balancer,100.00,23
2025-07-22 17:12:08,web-server,99.84,29
2025-07-22 17:12:08,api-gateway,99.54,29
2025-07-22 17:12:08,database,99.92,86
2025-07-22 17:12:08,cache-server,99.24,27
2025-07-22 17:12:08,load-balancer,100.00,29
2025-07-22 21:12:08,web-server,99.59,28
2025-07-22 21:12:08,api-gateway,99.77,36
2025-07-22 21:12:08,database,100.00,52
2025-07-22 21:12:08,cache-server,96.94,21
2025-07-22 21:12:08,load-balancer,99.50,24
2025-07-23 01:12:08,web-server,99.75,17
2025-07-23 01:12:08,api-gateway,100.00,34
2025-07-23 01:12:08,database,99.03,47
2025-07-23 01:12:08,cache-server,98.89,31
2025-07-23 01:12:08,load-balancer,100.00,21
2025-07-23 05:12:08,web-server,99.83,14
2025-07-23 05:12:08,api-gateway,100.00,10
2025-07-23 05:12:08,database,98.75,45
2025-07-23 05:12:08,cache-server,95.97,10
2025-07-23 05:12:08,load-balancer,99.99,42
2025-07-23 09:12:08,web-server,99.81,23
2025-07-23 09:12:08,api-gateway,100.00,30
2025-07-23 09:12:08,database,100.00,63
2025-07-23 09:12:08,cache-server,98.49,31
2025-07-23 09:12:08,load-balancer,100.00,31
2025-07-23 13:12:08,web-server,99.63,18
2025-07-23 13:12:08,api-gateway,99.80,10
2025-07-23 13:12:08,database,99.09,62
2025-07-23 13:12:08,cache-server,98.31,36
2025-07-23 13:12:08,load-balancer,99.86,24
2025-07-23 17:12:08,web-server,99.71,27
2025-07-23 17:12:08,api-gateway,100.00,31
2025-07-23 17:12:08,database,99.35,42
2025-07-23 17:12:08,cache-server,98.70,22
2025-07-23 17:12:08,load-balancer,100.00,15
2025-07-23 21:12:08,web-server,99.90,25
2025-07-23 21:12:08,api-gateway,99.19,39
2025-07-23 21:12:08,database,99.12,53
2025-07-23 21:12:08,cache-server,98.60,31
2025-07-23 21:12:08,load-balancer,100.00,10
2025-07-24 01:12:08,web-server,100.00,31
2025-07-24 01:12:08,api-gateway,99.70,35
2025-07-24 01:12:08,database,99.75,45
2025-07-24 01:12:08,cache-server,100.00,37
2025-07-24 01:12:08,load-balancer,100.00,47
2025-07-24 05:12:08,web-server,99.88,37
2025-07-24 05:12:08,api-gateway,99.51,10
2025-07-24 05:12:08,database,99.40,46
2025-07-24 05:12:08,cache-server,98.02,15
2025-07-24 05:12:08,load-balancer,99.95,23
2025-07-24 09:12:08,web-server,100.00,24
2025-07-24 09:12:08,api-gateway,100.00,15
2025-07-24 09:12:08,database,99.75,63
2025-07-24 09:12:08,cache-server,97.50,29
2025-07-24 09:12:08,load-balancer,99.34,36
2025-07-24 13:12:08,web-server,99.63,24
2025-07-24 13:12:08,api-gateway,99.93,10
2025-07-24 13:12:08,database,100.00,45
2025-07-24 13:12:08,cache-server,96.47,51
2025-07-24 13:12:08,load-balancer,99.88,29
2025-07-24 17:12:08,web-server,100.00,17
2025-07-24 17:12:08,api-gateway,99.95,32
2025-07-24 17:12:08,database,99.48,45
2025-07-24 17:12:08,cache-server,98.50,46
2025-07-24 17:12:08,load-balancer,99.63,18
2025-07-24 21:12:08,web-server,99.99,37
2025-07-24 21:12:08,api-gateway,100.00,13
2025-07-24 21:12:08,database,100.00,47
2025-07-24 21:12:08,cache-server,95.83,29
2025-07-24 21:12:08,load-balancer,100.00,34
2025-07-25 01:12:08,web-server,99.42,11
2025-07-25 01:12:08,api-gateway,99.92,32
2025-07-25 01:12:08,database,98.83,44
2025-07-25 01:12:08,cache-server,95.08,29
2025-07-25 01:12:08,load-balancer,100.00,28
2025-07-25 05:12:08,web-server,99.56,36
2025-07-25 05:12:08,api-gateway,99.86,30
2025-07-25 05:12:08,database,99.54,39
2025-07-25 05:12:08,cache-server,98.31,10
2025-07-25 05:12:08,load-balancer,100.00,10
2025-07-25 09:12:08,web-server,99.87,28
2025-07-25 09:12:08,api-gateway,99.56,19
2025-07-25 09:12:08,database,98.88,52
2025-07-25 09:12:08,cache-server,95.91,35
2025-07-25 09:12:08,load-balancer,99.30,27
2025-07-25 13:12:08,web-server,99.64,33
2025-07-25 13:12:08,api-gateway,99.75,37
2025-07-25 13:12:08,database,100.00,55
2025-07-25 13:12:08,cache-server,98.07,25
2025-07-25 13:12:08,load-balancer,100.00,30
2025-07-25 17:12:08,web-server,99.33,27
2025-07-25 17:12:08,api-gateway,99.73,18
2025-07-25 17:12:08,database,98.48,55
2025-07-25 17:12:08,cache-server,100.00,24
2025-07-25 17:12:08,load-balancer,100.00,31
2025-07-25 21:12:08,web-server,100.00,23
2025-07-25 21:12:08,api-gateway,99.26,10
2025-07-25 21:12:08,database,99.17,42
2025-07-25 21:12:08,cache-server,99.37,17
2025-07-25 21:12:08,load-balancer,99.92,19
2025-07-26 01:12:08,web-server,100.00,19
2025-07-26 01:12:08,api-gateway,99.69,23
2025-07-26 01:12:08,database,98.66,61
2025-07-26 01:12:08,cache-server,96.59,23
2025-07-26 01:12:08,load-balancer,99.92,15
2025-07-26 05:12:08,web-server,100.00,29
2025-07-26 05:12:08,api-gateway,100.00,23
2025-07-26 05:12:08,database,99.18,62
2025-07-26 05:12:08,cache-server,96.60,35
2025-07-26 05:12:08,load-balancer,99.88,39
2025-07-26 09:12:08,web-server,100.00,12
2025-07-26 09:12:08,api-gateway,99.38,22
2025-07-26 09:12:08,database,99.79,35
2025-07-26 09:12:08,cache-server,95.80,41
2025-07-26 09:12:08,load-balancer,100.00,44
2025-07-26 13:12:08,web-server,99.94,25
2025-07-26 13:12:08,api-gateway,100.00,34
2025-07-26 13:12:08,database,99.51,71
2025-07-26 13:12:08,cache-server,98.32,32
2025-07-26 13:12:08,load-balancer,99.63,40
2025-07-26 17:12:08,web-server,99.98,30
2025-07-26 17:12:08,api-gateway,99.95,22
2025-07-26 17:12:08,database,99.86,34
2025-07-26 17:12:08,cache-server,94.96,31
2025-07-26 17:12:08,load-balancer,99.65,29
2025-07-26 21:12:08,web-server,99.75,17
2025-07-26 21:12:08,api-gateway,100.00,29
2025-07-26 21:12:08,database,100.00,40
2025-07-26 21:12:08,cache-server,99.23,32
2025-07-26 21:12:08,load-balancer,100.00,21
2025-07-27 01:12:08,web-server,99.31,28
2025-07-27 01:12:08,api-gateway,99.72,34
2025-07-27 01:12:08,database,99.21,40
2025-07-27 01:12:08,cache-server,99.22,16
2025-07-27 01:12:08,load-balancer,99.96,27
2025-07-27 05:12:08,web-server,100.00,30
2025-07-27 05:12:08,api-gateway,100.00,10
2025-07-27 05:12:08,database,99.41,61
2025-07-27 05:12:08,cache-server,99.61,42
2025-07-27 05:12:08,load-balancer,99.27,30
2025-07-27 09:12:08,web-server,99.41,12
2025-07-27 09:12:08,api-gateway,100.00,25
2025-07-27 09:12:08,database,99.87,63
2025-07-27 09:12:08,cache-server,93.99,30
2025-07-27 09:12:08,load-balancer,99.90,25
2025-07-27 13:12:08,web-server,99.97,26
2025-07-27 13:12:08,api-gateway,100.00,31
2025-07-27 13:12:08,database,99.72,36
2025-07-27 13:12:08,cache-server,97.85,33
2025-07-27 13:12:08,load-balancer,99.88,15
2025-07-27 17:12:08,web-server,99.87,32
2025-07-27 17:12:08,api-gateway,99.75,11
2025-07-27 17:12:08,database,99.73,38
2025-07-27 17:12:08,cache-server,96.48,16
2025-07-27 17:12:08,load-balancer,99.65,12
2025-07-27 21:12:08,web-server,99.62,19
2025-07-27 21:12:08,api-gateway,99.91,33
2025-07-27 21:12:08,database,98.67,52
2025-07-27 21:12:08,cache-server,100.00,16
2025-07-27 21:12:08,load-balancer,99.99,10
2025-07-28 01:12:08,web-server,100.00,25
2025-07-28 01:12:08,api-gateway,99.79,10
2025-07-28 01:12:08,database,99.44,44
2025-07-28 01:12:08,cache-server,98.09,18
2025-07-28 01:12:08,load-balancer,100.00,22
2025-07-28 05:12:08,web-server,99.75,25
2025-07-28 05:12:08,api-gateway,100.00,17
2025-07-28 05:12:08,database,98.87,43
2025-07-28 05:12:08,cache-server,96.93,25
2025-07-28 05:12:08,load-balancer,100.00,28
2025-07-28 09:12:08,web-server,99.76,15
2025-07-28 09:12:08,api-gateway,99.82,10
2025-07-28 09:12:08,database,99.49,51
2025-07-28 09:12:08,cache-server,95.58,41
2025-07-28 09:12:08,load-balancer,100.00,18
2025-07-28 13:12:08,web-server,99.70,10
2025-07-28 13:12:08,api-gateway,99.87,20
2025-07-28 13:12:08,database,98.73,47
2025-07-28 13:12:08,cache-server,99.66,25
2025-07-28 13:12:08,load-balancer,99.80,21
2025-07-28 17:12:08,web-server,100.00,20
2025-07-28 17:12:08,api-gateway,100.00,16
2025-07-28 17:12:08,database,99.85,64
2025-07-28 17:12:08,cache-server,99.43,35
2025-07-28 17:12:08,load-balancer,99.84,26
2025-07-28 21:12:08,web-server,100.00,37
2025-07-28 21:12:08,api-gateway,100.00,28
2025-07-28 21:12:08,database,99.88,45
2025-07-28 21:12:08,cache-server,96.35,43
2025-07-28 21:12:08,load-balancer,99.84,10
2025-07-29 01:12:08,web-server,100.00,40
2025-07-29 01:12:08,api-gateway,99.62,13
2025-07-29 01:12:08,database,99.34,53
2025-07-29 01:12:08,cache-server,97.20,16
2025-07-29 01:12:08,load-balancer,100.00,15
2025-07-29 05:12:08,web-server,100.00,25
2025-07-29 05:12:08,api-gateway,100.00,28
2025-07-29 05:12:08,database,99.73,54
2025-07-29 05:12:08,cache-server,98.07,27
2025-07-29 05:12:08,load-balancer,100.00,16
2025-07-29 09:12:08,web-server,100.00,21
2025-07-29 09:12:08,api-gateway,100.00,37
2025-07-29 09:12:08,database,99.17,39
2025-07-29 09:12:08,cache-server,96.39,39
2025-07-29 09:12:08,load-balancer,99.62,24
2025-07-29 13:12:08,web-server,100.00,10
2025-07-29 13:12:08,api-gateway,99.98,29
2025-07-29 13:12:08,database,99.68,53
2025-07-29 13:12:08,cache-server,98.99,35
2025-07-29 13:12:08,load-balancer,99.53,37
2025-07-29 17:12:08,web-server,100.00,25
2025-07-29 17:12:08,api-gateway,100.00,35
2025-07-29 17:12:08,database,99.83,58
2025-07-29 17:12:08,cache-server,100.00,32
2025-07-29 17:12:08,load-balancer,100.00,17
2025-07-29 21:12:08,web-server,99.17,49
2025-07-29 21:12:08,api-gateway,99.36,10
2025-07-29 21:12:08,database,99.19,45
2025-07-29 21:12:08,cache-server,98.48,23
2025-07-29 21:12:08,load-balancer,99.97,10
2025-07-30 01:12:08,web-server,100.00,17
2025-07-30 01:12:08,api-gateway,100.00,27
2025-07-30 01:12:08,database,99.99,48
2025-07-30 01:12:08,cache-server,94.75,17
2025-07-30 01:12:08,load-balancer,99.64,10
2025-07-30 05:12:08,web-server,100.00,26
2025-07-30 05:12:08,api-gateway,99.81,13
2025-07-30 05:12:08,database,99.93,54
2025-07-30 05:12:08,cache-server,100.00,14
2025-07-30 05:12:08,load-balancer,100.00,45
2025-07-30 09:12:08,web-server,100.00,27
2025-07-30 09:12:08,api-gateway,99.70,20
2025-07-30 09:12:08,database,99.36,41
2025-07-30 09:12:08,cache-server,98.53,21
2025-07-30 09:12:08,load-balancer,99.46,10
2025-07-30 13:12:08,web-server,99.62,12
2025-07-30 13:12:08,api-gateway,99.54,40
2025-07-30 13:12:08,database,99.92,53
2025-07-30 13:12:08,cache-server,98.46,27
2025-07-30 13:12:08,load-balancer,99.71,35
2025-07-30 17:12:08,web-server,100.00,57
2025-07-30 17:12:08,api-gateway,99.43,10
2025-07-30 17:12:08,database,99.33,63
2025-07-30 17:12:08,cache-server,96.00,34
2025-07-30 17:12:08,load-balancer,99.45,21
2025-07-30 21:12:08,web-server,98.97,16
2025-07-30 21:12:08,api-gateway,100.00,15
2025-07-30 21:12:08,database,99.17,48
2025-07-30 21:12:08,cache-server,99.94,28
2025-07-30 21:12:08,load-balancer,99.58,17
2025-07-31 01:12:08,web-server,99.42,30
2025-07-31 01:12:08,api-gateway,99.72,22
2025-07-31 01:12:08,database,99.38,61
2025-07-31 01:12:08,cache-server,100.00,15
2025-07-31 01:12:08,load-balancer,99.75,19
2025-07-31 05:12:08,web-server,100.00,35
2025-07-31 05:12:08,api-gateway,99.77,28
2025-07-31 05:12:08,database,99.39,40
2025-07-31 05:12:08,cache-server,98.01,31
2025-07-31 05:12:08,load-balancer,100.00,22
2025-07-31 09:12:08,web-server,99.68,31
2025-07-31 09:12:08,api-gateway,99.90,12
2025-07-31 09:12:08,database,99.47,48
2025-07-31 09:12:08,cache-server,96.70,39
2025-07-31 09:12:08,load-balancer,100.00,26
2025-07-31 13:12:08,web-server,100.00,25
2025-07-31 13:12:08,api-gateway,100.00,32
2025-07-31 13:12:08,database,99.49,49
2025-07-31 13:12:08,cache-server,96.59,31
2025-07-31 13:12:08,load-balancer,100.00,23
2025-07-31 17:12:08,web-server,100.00,42
2025-07-31 17:12:08,api-gateway,100.00,35
2025-07-31 17:12:08,database,99.77,45
2025-07-31 17:12:08,cache-server,97.46,12
2025-07-31 17:12:08,load-balancer,100.00,17
2025-07-31 21:12:08,web-server,100.00,25
2025-07-31 21:12:08,api-gateway,99.07,24
2025-07-31 21:12:08,database,99.89,44
2025-07-31 21:12:08,cache-server,96.42,35
2025-07-31 21:12:08,load-balancer,99.69,35
2025-08-01 01:12:08,web-server,99.93,15
2025-08-01 01:12:08,api-gateway,100.00,37
2025-08-01 01:12:08,database,99.03,50
2025-08-01 01:12:08,cache-server,100.00,13
2025-08-01 01:12:08,load-balancer,100.00,42
2025-08-01 05:12:08,web-server,100.00,36
2025-08-01 05:12:08,api-gateway,99.58,20
2025-08-01 05:12:08,database,98.63,35
2025-08-01 05:12:08,cache-server,96.49,17
2025-08-01 05:12:08,load-balancer,100.00,30
2025-08-01 09:12:08,web-server,99.69,10
2025-08-01 09:12:08,api-gateway,100.00,23
2025-08-01 09:12:08,database,99.87,71
2025-08-01 09:12:08,cache-server,96.66,10
2025-08-01 09:12:08,load-balancer,99.91,27
2025-08-01 13:12:08,web-server,100.00,29
2025-08-01 13:12:08,api-gateway,99.44,47
2025-08-01 13:12:08,database,99.73,42
2025-08-01 13:12:08,cache-server,98.85,21
2025-08-01 13:12:08,load-balancer,99.76,30
2025-08-01 17:12:08,web-server,99.98,16
2025-08-01 17:12:08,api-gateway,99.55,29
2025-08-01 17:12:08,database,99.75,55
2025-08-01 17:12:08,cache-server,100.00,17
2025-08-01 17:12:08,load-balancer,100.00,35
2025-08-01 21:12:08,web-server,99.63,29
2025-08-01 21:12:08,api-gateway,99.82,33
2025-08-01 21:12:08,database,99.45,52
2025-08-01 21:12:08,cache-server,97.24,22
2025-08-01 21:12:08,load-balancer,99.94,42
2025-08-02 01:12:08,web-server,99.81,18
2025-08-02 01:12:08,api-gateway,99.80,26
2025-08-02 01:12:08,database,98.38,36
2025-08-02 01:12:08,cache-server,97.47,32
2025-08-02 01:12:08,load-balancer,99.59,27
2025-08-02 05:12:08,web-server,100.00,22
2025-08-02 05:12:08,api-gateway,99.98,36
2025-08-02 05:12:08,database,100.00,66
2025-08-02 05:12:08,cache-server,97.74,27
2025-08-02 05:12:08,load-balancer,100.00,10
2025-08-02 09:12:08,web-server,99.76,26
2025-08-02 09:12:08,api-gateway,100.00,29
2025-08-02 09:12:08,database,98.80,51
2025-08-02 09:12:08,cache-server,94.37,11
2025-08-02 09:12:08,load-balancer,99.78,24
2025-08-02 13:12:08,web-server,99.63,25
2025-08-02 13:12:08,api-gateway,99.55,31
2025-08-02 13:12:08,database,98.84,70
2025-08-02 13:12:08,cache-server,98.21,26
2025-08-02 13:12:08,load-balancer,99.95,37
2025-08-02 17:12:08,web-server,99.95,21
2025-08-02 17:12:08,api-gateway,99.57,12
2025-08-02 17:12:08,database,99.32,54
2025-08-02 17:12:08,cache-server,96.97,33
2025-08-02 17:12:08,load-balancer,100.00,19
2025-08-02 21:12:08,web-server,100.00,42
2025-08-02 21:12:08,api-gateway,99.90,32
2025-08-02 21:12:08,database,99.69,33
2025-08-02 21:12:08,cache-server,97.45,30
2025-08-02 21:12:08,load-balancer,100.00,18
2025-08-03 01:12:08,web-server,100.00,14
2025-08-03 01:12:08,api-gateway,100.00,15
2025-08-03 01:12:08,database,99.03,58
2025-08-03 01:12:08,cache-server,98.72,41
2025-08-03 01:12:08,load-balancer,99.99,29
2025-08-03 05:12:08,web-server,99.75,10
2025-08-03 05:12:08,api-gateway,100.00,20
2025-08-03 05:12:08,database,100.00,40
2025-08-03 05:12:08,cache-server,100.00,16
2025-08-03 05:12:08,load-balancer,100.00,35
2025-08-03 09:12:08,web-server,99.79,23
2025-08-03 09:12:08,api-gateway,100.00,29
2025-08-03 09:12:08,database,99.83,47
2025-08-03 09:12:08,cache-server,98.66,37
2025-08-03 09:12:08,load-balancer,100.00,31
2025-08-03 13:12:08,web-server,100.00,10
2025-08-03 13:12:08,api-gateway,99.76,18
2025-08-03 13:12:08,database,98.89,53
2025-08-03 13:12:08,cache-server,97.19,23
2025-08-03 13:12:08,load-balancer,100.00,23
2025-08-03 17:12:08,web-server,99.87,14
2025-08-03 17:12:08,api-gateway,100.00,25
2025-08-03 17:12:08,database,100.00,34
2025-08-03 17:12:08,cache-server,100.00,10
2025-08-03 17:12:08,load-balancer,99.51,33
